employee_id,annual_salary,annual_bonus_target
100000,102846,6876.07
100001,188513,26439.51
100002,57325,6420.48
100003,112323,12962.87
100004,189493,33007.55
100005,52213,3648.14
100006,89162,7054.44
100007,197187,31188.75
100008,109408,19297.4
100009,78414,14240.85
100010,99636,12016.69
100011,75271,7929.66
100012,115460,22172.41
100013,147286,15069.45
100014,100730,6296.32
100015,67045,12365.93
100016,202598,30400.95
100017,161722,25206.61
100018,80606,11544.88
100019,140928,10994.62
100020,56648,5965.34
100021,77130,7913.26
100022,283356,28878.59
100023,110222,9499.66
100024,125628,11001.55
100025,129136,11874.19
100026,57689,9020.78
100027,97810,17590.81
100028,81152,15044.06
100029,86162,8914.38
100030,102219,8609.38
100031,95067,16400.86
100032,106314,17956.37
100033,111182,13786.71
100034,140659,27801.01
100035,75896,3827.95
100036,117258,17589.44
100037,132689,11797.37
100038,65237,9003.7
100039,56330,9881.28
100040,79977,15957.1
100041,97511,12740.18
100042,53716,5866.92
100043,96823,5102.4
100044,81449,15466.94
100045,104304,15982.8
100046,68663,3642.65
100047,164472,11566.36
100048,104114,18921.46
100049,107676,10272.49
100050,119722,14674.27
100051,194725,23276.01
100052,97671,16642.99
100053,48205,6429.91
100054,58105,6915.52
100055,104902,13431.08
100056,126195,14573.91
100057,189012,13165.1
100058,116686,11747.08
100059,153743,19161.75
100060,57690,10884.61
100061,71880,3738.58
100062,123182,17673.64
100063,90806,7556.66
100064,77620,6007.3
100065,127431,23979.25
100066,94168,12572.03
100067,301264,15469.85
100068,100791,16606.93
100069,243966,29034.3
100070,86457,12727.79
100071,83855,11615.52
100072,75010,10710.51
100073,49230,2741.93
100074,237514,15115.47
100075,150651,24616.47
100076,168662,17457.95
100077,96789,17010.95
100078,132606,24328.21
100079,162067,12999.37
100080,134851,26892.6
100081,136317,12166.39
100082,116534,14322.8
100083,127872,11088.01
100084,98567,19261.59
100085,148195,23422.22
100086,69966,4601.29
100087,59394,4673.81
100088,77323,13001.98
100089,131475,22437.02
100090,109728,5664.13
100091,56150,10450.61
100092,103988,12871.65
100093,131821,23980.8
100094,115921,7229.41
100095,74104,4488.41
100096,267632,32598.98
100097,60105,11526.24
100098,57801,6885.85
100099,164749,21264.5
100100,81038,9964.95
100101,70082,12616.74
100102,189568,37462.02
100103,84096,5797.79
100104,79544,9604.9
100105,87638,7863.1
100106,112570,16200.48
100107,70455,5837.82
100108,159460,9818.22
100109,146586,9615.15
100110,132598,12209.51
100111,71865,6507.54
100112,122213,15432.95
100113,59477,7093.88
100114,71627,6672.61
100115,87755,13995.46
100116,60329,8710.47
100117,136254,15774.97
100118,157015,9074.67
100119,123343,8609.99
100120,41613,3718.64
100121,113263,21037.95
100122,85538,15655.57
100123,120362,20601.27
100124,151745,9791.01
100125,145140,28847.0
100126,67779,7433.05
100127,294544,58089.13
100128,133460,12975.08
100129,192571,16217.38
100130,126042,17505.37
100131,144544,18109.97
100132,104465,19553.65
100133,97586,11999.25
100134,113101,18506.97
100135,62407,10728.38
100136,117211,8165.15
100137,79370,9510.58
100138,110321,19995.48
100139,117117,7834.12
100140,129893,16055.31
100141,77238,8573.07
100142,79382,8974.13
100143,200798,23784.03
100144,125712,22731.77
100145,111679,19894.35
100146,142064,20137.34
100147,128092,20136.75
100148,52614,9830.3
100149,75760,14849.65
100150,84228,5873.62
100151,155364,30326.35
100152,48027,9404.07
100153,202176,26678.86
100154,138936,26691.58
100155,318097,42700.6
100156,54172,8921.94
100157,174465,22956.4
100158,57107,4078.79
100159,74317,13400.85
100160,53528,6161.47
100161,126559,21126.86
100162,55343,3761.33
100163,123439,11439.93
100164,88285,5155.87
100165,212694,38160.63
100166,72472,12455.19
100167,249372,28935.45
100168,140082,12578.35
100169,155677,22458.5
100170,103378,13733.84
100171,128747,25404.39
100172,138017,21814.41
100173,123812,20781.89
100174,93890,7376.19
100175,79725,8874.9
100176,53269,3299.91
100177,194770,21022.59
100178,201029,23489.4
100179,103537,10157.69
100180,88091,6033.58
100181,124759,6676.47
100182,55559,3375.75
100183,55184,5254.53
100184,97587,16057.01
100185,127544,17288.19
100186,167697,11015.08
100187,126707,18167.55
100188,56832,7138.7
100189,148984,28180.5
100190,55432,10657.57
100191,69912,7071.81
100192,151623,20031.06
100193,95256,7059.14
100194,81889,15097.79
100195,113066,13920.71
100196,97460,18998.25
100197,189743,27429.75
100198,49581,4522.07
100199,104776,5876.66
100200,97963,8669.93
100201,88866,8409.89
100202,72360,3956.79
100203,157813,18350.08
100204,99512,9502.62
100205,206630,10498.83
100206,163983,32534.63
100207,57421,8097.74
100208,108025,12575.23
100209,166351,29967.51
100210,133091,17276.95
100211,87888,9702.9
100212,91142,5486.89
100213,65778,10618.19
100214,157108,25250.81
100215,120818,7814.33
100216,106678,8778.17
100217,59332,3467.18
100218,115284,11856.54
100219,68769,11521.39
100220,79323,7160.88
100221,75952,9876.99
100222,107243,11736.84
100223,76845,7874.35
100224,79112,10038.24
100225,50088,7159.34
100226,274346,45706.01
100227,286874,28514.76
100228,64840,3373.47
100229,96359,12687.51
100230,115344,18924.45
100231,260601,19913.15
100232,160477,25018.13
100233,87791,7940.27
100234,128499,16845.15
100235,121020,9582.63
100236,78207,8288.46
100237,185652,33110.39
100238,215034,16850.42
100239,69714,10535.74
100240,101987,9659.05
100241,130453,18345.1
100242,73232,6550.89
100243,205831,26572.09
100244,67940,9397.57
100245,72288,11029.81
100246,61709,4703.34
100247,133737,23564.59
100248,162633,24901.64
100249,138854,8915.93
100250,66343,3558.04
100251,55765,6333.3
100252,71158,3821.51
100253,84341,11672.19
100254,140835,22651.79
100255,120039,8927.87
100256,62641,9578.04
100257,43888,4178.52
100258,85846,6230.85
100259,155565,17217.61
100260,84156,11593.47
100261,132226,19892.3
100262,68113,6805.18
100263,79120,11042.58
100264,120689,13887.29
100265,206940,18235.99
100266,242580,23221.15
100267,247395,32535.13
100268,114522,8849.26
100269,69635,4695.29
100270,76311,6061.78
100271,139260,10064.67
100272,49908,5248.14
100273,255120,40853.43
100274,127430,23342.75
100275,92430,8589.86
100276,58722,4551.59
100277,58617,4780.56
100278,59608,10998.39
100279,131610,11072.36
100280,88411,6110.19
100281,90225,15004.4
100282,60901,9929.39
100283,241616,24390.92
100284,129482,22834.89
100285,82400,7284.42
100286,132396,8928.93
100287,107500,19768.36
100288,80241,7236.22
100289,129695,16158.2
100290,109318,10233.08
100291,97978,10846.74
100292,136324,13369.71
100293,95141,11599.42
100294,134802,14187.14
100295,59239,7915.18
100296,184669,32408.12
100297,44150,7724.08
100298,159214,15940.74
100299,136036,13661.28
100300,97174,17551.53
100301,343384,47175.93
100302,92248,11491.8
100303,163985,21584.93
100304,129178,8301.5
100305,159001,25252.81
100306,95946,11940.33
100307,65976,11985.0
100308,134159,26055.37
100309,141450,25823.72
100310,66590,4421.8
100311,64916,4903.68
100312,143015,8831.28
100313,92158,11569.79
100314,104808,8586.66
100315,217079,24036.94
100316,167419,29287.28
100317,96408,8815.15
100318,47973,6405.49
100319,99345,15122.2
100320,126285,23054.59
100321,191184,36242.23
100322,171911,34265.74
100323,98574,19147.04
100324,112625,15927.45
100325,59517,5990.85
100326,78593,6749.7
100327,56105,9402.6
100328,44091,4647.52
100329,95690,18551.12
100330,103401,10673.76
100331,247730,39267.48
100332,163641,21623.92
100333,125897,11194.43
100334,130454,14040.0
100335,170150,12300.99
100336,141799,17562.32
100337,59180,9963.31
100338,77515,13488.49
100339,86236,9404.23
100340,81616,14791.64
100341,227138,31489.82
100342,94945,15405.87
100343,56756,3235.25
100344,59184,5201.56
100345,130165,18296.21
100346,283094,54311.88
100347,104849,13115.26
100348,99511,11914.27
100349,207118,18285.38
100350,95632,7487.49
100351,59268,5035.21
100352,143047,24545.52
100353,130591,7089.22
100354,124732,8358.05
100355,175256,16456.66
100356,134784,23330.6
100357,190157,12190.77
100358,136219,19526.65
100359,75544,12234.13
100360,57239,6400.15
100361,160395,21993.29
100362,131780,16237.36
100363,43130,6720.71
100364,130476,20617.2
100365,56840,8858.45
100366,51179,7741.82
100367,100607,8381.8
100368,138824,16194.21
100369,89120,15685.1
100370,79143,14579.27
100371,55185,10101.14
100372,240613,19588.55
100373,155386,13160.75
100374,105745,9745.57
100375,176159,13459.6
100376,72073,9876.47
100377,97048,18164.11
100378,124455,20626.61
100379,154166,15488.68
100380,91006,12775.12
100381,77484,5952.8
100382,94615,10367.73
100383,195954,10946.34
100384,81684,8011.6
100385,142040,26837.32
100386,155554,17998.38
100387,234871,35573.19
100388,61312,9774.82
100389,124048,18874.84
100390,244711,44892.99
100391,175968,19517.75
100392,66292,10779.1
100393,68923,3869.53
100394,152703,15092.73
100395,97114,17061.08
100396,130862,24642.27
100397,77257,11086.16
100398,98446,13147.56
100399,180737,21237.25
100400,87047,4956.39
100401,155694,13919.67
100402,53055,7747.57
100403,46704,4574.12
100404,287361,47946.42
100405,201441,14527.51
100406,89677,12141.57
100407,143055,23298.14
100408,102632,8054.34
100409,170732,25679.43
100410,104340,7665.24
100411,40253,2244.28
100412,144159,25411.46
100413,196212,24537.05
100414,51525,4720.41
100415,152457,26736.0
100416,105532,10695.68
100417,325279,43653.54
100418,44717,8771.05
100419,95209,12152.9
100420,239305,45501.56
100421,66616,12970.37
100422,78148,7036.05
100423,80607,15366.32
100424,173594,23145.07
100425,150117,24801.34
100426,62498,4712.94
100427,87773,13854.85
100428,164628,10018.2
100429,82032,5842.99
100430,132122,18358.05
100431,75622,5219.93
100432,90082,10104.0
100433,48911,4969.21
100434,56100,11192.09
100435,125285,18380.31
100436,172165,26552.0
100437,117515,11872.83
100438,132763,16187.51
100439,67510,4306.98
100440,125413,14494.71
100441,175269,20522.41
100442,172007,10028.43
100443,51542,4303.15
100444,57713,6412.34
100445,88568,4499.46
100446,162909,22001.66
100447,69887,4068.69
100448,97768,18580.99
100449,97634,16692.91
100450,205445,14621.3
100451,96160,16493.46
100452,58767,10648.04
100453,133644,25017.15
100454,168882,26860.12
100455,126095,7793.27
100456,87911,13285.96
100457,156079,25033.98
100458,79754,9531.29
100459,143344,16730.16
100460,44979,7252.67
100461,77081,14507.64
100462,158187,11665.1
100463,156368,26942.71
100464,150854,17167.71
100465,159108,23938.21
100466,50584,9219.32
100467,146573,19629.25
100468,128359,18236.85
100469,129060,14032.77
100470,206571,37183.54
100471,74142,10654.58
100472,81431,13695.85
100473,51704,7611.07
100474,115566,14513.16
100475,85780,15327.82
100476,120135,22652.83
100477,163562,8809.67
100478,76604,13060.65
100479,98202,11352.36
100480,79233,9375.26
100481,133007,12402.15
100482,94115,4889.42
100483,104255,9804.65
100484,245782,24895.3
100485,343509,42953.97
100486,124204,17042.49
100487,49596,4111.41
100488,79355,11152.33
100489,103506,16464.67
100490,78323,14922.73
100491,261942,39851.22
100492,229894,20580.34
100493,45263,7699.22
100494,70300,13916.06
100495,127892,12501.8
100496,113756,7513.43
100497,159651,13912.4
100498,103209,9138.42
100499,146346,12568.7
100500,219414,12830.75
100501,160947,19664.22
100502,103888,8777.26
100503,126892,17510.71
100504,58424,8646.37
100505,138418,20022.87
100506,118057,12652.41
100507,64894,10207.18
100508,55565,6542.55
100509,135315,25928.28
100510,192180,22202.36
100511,105051,6750.42
100512,178123,19953.31
100513,200955,11125.86
100514,184374,27523.67
100515,101884,18937.95
100516,165559,17791.04
100517,93125,10399.49
100518,201882,23403.41
100519,51938,3623.28
100520,244023,42242.91
100521,131735,11101.41
100522,107213,13305.32
100523,40390,7549.62
100524,126017,19494.65
100525,185990,32638.06
100526,132634,16492.78
100527,104377,14158.61
100528,86084,12845.21
100529,122114,9708.46
100530,72273,6756.23
100531,72129,3706.0
100532,75427,8322.71
100533,125731,24639.72
100534,183873,21054.98
100535,150411,15594.04
100536,79710,11155.87
100537,77591,4251.92
100538,63232,6279.96
100539,146392,19079.02
100540,60229,3151.01
100541,73799,7974.54
100542,263555,28541.65
100543,144333,8386.78
100544,128466,8231.24
100545,96115,12939.89
100546,82372,14283.07
100547,104422,11393.75
100548,78406,9586.74
100549,99925,7251.99
100550,253464,23137.57
100551,103834,12068.64
100552,114814,17900.5
100553,56995,5052.85
100554,131659,14639.74
100555,83498,13965.3
100556,160798,27411.23
100557,103107,5846.08
100558,143268,9964.68
100559,84624,14526.82
100560,78131,9675.15
100561,75714,11385.69
100562,73570,9610.01
100563,188414,9487.04
100564,168407,27845.6
100565,40537,2764.21
100566,40234,5895.75
100567,64696,7468.29
100568,240526,18464.6
100569,127848,11391.25
100570,70217,12605.62
100571,77670,4990.77
100572,133029,21181.88
100573,129262,18033.14
100574,79439,4417.04
100575,75672,5167.14
100576,183798,18877.31
100577,128212,13321.34
100578,103655,5934.11
100579,160055,23392.18
100580,250520,20399.89
100581,84104,9016.9
100582,118212,16991.98
100583,141877,23901.2
100584,112810,10359.43
100585,57723,4370.19
100586,59761,8393.56
100587,171375,28741.05
100588,125565,16257.07
100589,59190,10342.63
100590,204629,17722.84
100591,83381,15161.35
100592,92139,18177.72
100593,133492,9247.97
100594,75534,6891.3
100595,79765,11216.52
100596,82378,15179.38
100597,102130,6399.28
100598,130789,6910.78
100599,72529,9242.89
100600,132548,13626.26
100601,93248,15257.27
100602,57409,5200.01
100603,76461,6120.78
100604,190036,30988.62
100605,164322,13631.89
100606,123991,20743.73
100607,102358,17999.21
100608,97588,16475.63
100609,142502,21121.13
100610,162637,30412.3
100611,61922,6020.44
100612,98970,8058.92
100613,122843,11529.88
100614,109547,17562.08
100615,103113,15785.82
100616,117748,23391.64
100617,59087,7992.75
100618,102607,6091.48
100619,167563,14846.89
100620,78639,11882.44
100621,154176,23269.51
100622,57648,8388.01
100623,77722,9973.21
100624,103799,17213.62
100625,51141,7295.73
100626,240825,38156.68
100627,96737,12061.21
100628,73050,7339.27
100629,252409,28162.72
100630,117689,20469.95
100631,48252,8033.17
100632,62238,10637.38
100633,103523,15148.67
100634,88801,15014.86
100635,83664,14152.4
100636,155493,25902.12
100637,61999,11052.34
100638,168833,21951.97
100639,124958,24611.75
100640,55551,10628.22
100641,126806,8285.46
100642,80664,5252.27
100643,109126,9898.63
100644,53767,8422.5
100645,56525,3905.7
100646,126055,23540.24
100647,70678,12029.8
100648,181624,18844.29
100649,80255,6835.53
100650,91344,9058.19
100651,161163,14273.85
100652,74194,14149.4
100653,77455,4045.35
100654,78514,6729.65
100655,65767,7718.97
100656,79857,6878.22
100657,128146,14381.44
100658,239945,14486.95
100659,59414,10396.9
100660,95437,12719.27
100661,58963,8123.88
100662,63974,12132.92
100663,71056,6897.22
100664,159027,13051.37
100665,116448,17753.71
100666,218207,28273.29
100667,67150,10707.19
100668,79649,6726.78
100669,343157,61562.8
100670,123879,10474.15
100671,84436,16584.22
100672,61474,6026.17
100673,128538,8027.95
100674,111059,12895.42
100675,150395,25933.24
100676,71121,11695.77
100677,132512,7568.07
100678,59931,11182.91
100679,117409,9367.06
100680,130113,10359.73
100681,114249,14274.59
100682,42575,7151.43
100683,81185,12137.51
100684,206661,20594.27
100685,157833,25200.48
100686,107175,14923.37
100687,61255,5727.23
100688,116076,7857.28
100689,69440,3772.36
100690,147462,7378.47
100691,100004,8934.93
100692,118416,21327.1
100693,94762,12132.14
100694,117731,16633.71
100695,88828,10774.35
100696,138311,9686.12
100697,89588,17431.37
100698,197645,21863.94
100699,76711,5219.47
100700,77076,11309.24
100701,61461,11839.92
100702,130497,8764.93
100703,97394,18325.7
100704,96310,10101.76
100705,85426,11116.75
100706,158402,30326.55
100707,50057,9034.76
100708,116061,12806.66
100709,68071,9244.6
100710,202306,13958.79
100711,57629,6020.98
100712,66102,10102.42
100713,91226,18063.16
100714,81976,14133.07
100715,195721,15625.14
100716,62058,5881.09
100717,127939,23855.38
100718,41031,3270.36
100719,65730,3684.09
100720,153351,11185.65
100721,116586,9743.41
100722,84609,7895.84
100723,218064,28028.04
100724,83720,15941.86
100725,109457,10896.02
100726,56158,10165.09
100727,45392,7003.05
100728,57617,4672.3
100729,94184,9664.28
100730,170052,15889.22
100731,78767,10637.63
100732,76381,3851.61
100733,177304,33783.93
100734,228412,25339.43
100735,120965,13945.4
100736,92920,5461.88
100737,343457,62248.46
100738,103287,7860.3
100739,132991,25132.93
100740,219084,29285.29
100741,99976,10502.45
100742,127329,17116.14
100743,129846,12240.11
100744,139633,26433.84
100745,102132,8056.91
100746,190590,16653.86
100747,158038,16196.42
100748,103930,14264.15
100749,103250,7110.86
100750,153757,17452.65
100751,168491,13554.94
100752,87436,11280.46
100753,131908,18277.69
100754,79861,9297.0
100755,86572,13454.22
100756,47236,3082.77
100757,57493,4191.17
100758,102216,10140.9
100759,197351,10590.65
100760,94340,11131.11
100761,65638,9872.73
100762,86556,12998.2
100763,127642,23866.62
100764,58099,9797.09
100765,119059,18742.54
100766,51199,9163.5
100767,103071,7946.71
100768,101246,14382.62
100769,72535,5913.52
100770,126357,9795.03
100771,90929,16842.4
100772,105686,14743.06
100773,113891,11931.69
100774,154928,23921.61
100775,104877,18072.74
100776,169026,10217.09
100777,188481,34464.75
100778,78395,12647.48
100779,76746,4224.67
100780,72168,7917.77
100781,89688,6896.51
100782,62127,12201.93
100783,147159,23315.81
100784,157693,21788.33
100785,103810,7176.93
100786,70932,3737.67
100787,162692,30037.71
100788,62252,12165.03
100789,106825,17912.47
100790,149151,11694.05
100791,73171,12893.9
100792,110202,21315.26
100793,63065,5118.71
100794,80932,13616.1
100795,133328,16940.07
100796,245637,20198.29
100797,100067,13802.36
100798,57045,4380.73
100799,102887,11602.3
100800,134618,19178.91
100801,123026,11146.3
100802,202756,36301.03
100803,57169,10832.31
100804,123546,22243.36
100805,132338,10028.71
100806,111958,13910.49
100807,236566,18380.63
100808,71455,9398.54
100809,59364,3547.01
100810,49551,7712.06
100811,54179,10052.52
100812,65222,10543.48
100813,178949,12348.72
100814,162564,19405.02
100815,163775,12364.76
100816,69864,8341.26
100817,65457,11339.55
100818,110066,5943.73
100819,76209,14876.83
100820,68342,3879.32
100821,175101,9617.22
100822,231798,14999.34
100823,184492,32194.76
100824,137970,24161.42
100825,90945,12028.4
100826,51019,8928.66
100827,209346,19320.42
100828,149756,18056.23
100829,150146,11077.84
100830,64919,11457.91
100831,95591,11280.27
100832,97260,15132.39
100833,125347,14678.12
100834,277211,49744.31
100835,131869,7836.79
100836,103979,15948.99
100837,79248,12801.06
100838,107386,12920.99
100839,104225,9547.22
100840,106159,14472.14
100841,50482,6423.29
100842,56068,7741.3
100843,100974,17961.34
100844,116213,15614.0
100845,114477,22475.17
100846,211695,19840.61
100847,72771,4623.09
100848,242358,39990.47
100849,297623,57704.73
100850,85979,6563.64
100851,102759,15990.91
100852,49895,5862.01
100853,98447,16842.48
100854,92732,11578.09
100855,80289,14251.15
100856,258812,33841.64
100857,118092,7082.09
100858,98621,12672.19
100859,76699,15117.16
100860,124486,20647.45
100861,129923,25112.35
100862,170611,16673.49
100863,64066,10513.6
100864,58807,7984.48
100865,88965,12860.75
100866,212553,10995.13
100867,75634,12668.51
100868,113298,22419.27
100869,225999,40843.91
100870,128838,20216.37
100871,80044,4771.14
100872,126655,15778.73
100873,101683,8847.65
100874,104058,10413.32
100875,253230,36998.56
100876,98822,6005.63
100877,45914,3720.21
100878,98688,12971.45
100879,64916,8968.37
100880,60037,11871.94
100881,262703,17764.34
100882,40081,6053.33
100883,78383,11399.46
100884,102410,11903.33
100885,129248,24141.05
100886,131366,19235.27
100887,75567,14623.89
100888,70367,11359.68
100889,130367,11805.71
100890,43853,8741.68
100891,56501,3681.79
100892,82550,10568.64
100893,134759,26225.2
100894,79406,6592.24
100895,126041,7356.06
100896,185099,14005.58
100897,134143,21219.9
100898,200785,25777.97
100899,98065,14518.37
100900,171924,8674.1
100901,75076,4997.17
100902,141407,26841.89
100903,148052,8192.8
100904,80988,5160.75
100905,99036,5219.76
100906,109713,8467.95
100907,157419,26743.24
100908,161263,30828.7
100909,107961,21499.7
100910,300692,21317.41
100911,232432,22642.53
100912,79075,10526.41
100913,172502,15886.63
100914,98017,14679.81
100915,179762,30208.16
100916,55784,7777.82
100917,90765,17720.16
100918,199552,15530.91
100919,59746,9373.56
100920,199070,19488.46
100921,117063,13122.2
100922,163164,30755.59
100923,68203,7057.07
100924,125898,15532.05
100925,47636,7107.48
100926,72862,9516.69
100927,150544,19493.08
100928,127670,18293.47
100929,68336,12740.11
100930,91116,9886.31
100931,96034,16143.54
100932,75910,5806.85
100933,184069,33709.38
100934,190361,34591.88
100935,101519,17516.46
100936,98013,16724.86
100937,182370,25390.45
100938,132971,16893.3
100939,79206,8399.6
100940,45340,2917.79
100941,88454,17155.12
100942,103554,15246.4
100943,47444,3561.07
100944,200537,30468.14
100945,78598,8134.36
100946,84923,14080.64
100947,95051,17547.64
100948,167468,25551.67
100949,78402,7362.83
100950,131724,24745.11
100951,155916,15153.04
100952,89590,8167.19
100953,108864,11775.24
100954,62043,4950.88
100955,81125,14534.31
100956,155868,14059.56
100957,118284,8980.48
100958,190268,17903.12
100959,154265,25494.32
100960,78880,5197.19
100961,76502,9144.45
100962,165302,11684.25
100963,152425,25061.7
100964,126860,16579.07
100965,75738,13413.45
100966,64474,10349.42
100967,157599,29327.04
100968,50170,2573.74
100969,71714,9283.14
100970,47232,7004.86
100971,77297,9628.38
100972,45913,8226.91
100973,102913,18720.86
100974,84432,9389.09
100975,235454,14581.19
100976,79791,11652.49
100977,63851,6732.86
100978,213126,39780.47
100979,149509,16322.3
100980,217109,42064.68
100981,117554,14896.7
100982,118804,23689.75
100983,79795,10004.87
100984,101482,14762.01
100985,117075,16469.33
100986,84180,8571.14
100987,77425,7163.3
100988,54610,6557.91
100989,167521,13941.77
100990,81560,10715.53
100991,76740,7165.9
100992,65858,8782.54
100993,205186,24325.54
100994,120230,22010.02
100995,48954,5228.11
100996,146516,19490.08
100997,149673,14353.66
100998,181415,11550.8
100999,217195,24143.59
